Riverside Hospital,Nearby Hospital,Riverside Star Rating,Nearby Hospital Star Rating
Riverside Shore Memorial Hospital,RUSSELL COUNTY HOSPITAL,3.0,4.0
Riverside Shore Memorial Hospital,SENTARA RMH MEDICAL CENTER,3.0,4.0
Riverside Shore Memorial Hospital,WINCHESTER MEDICAL CENTER,3.0,4.0
Riverside Shore Memorial Hospital,SENTARA NORFOLK GENERAL HOSPITAL,3.0,3.0
Riverside Shore Memorial Hospital,UNIVERSITY OF VIRGINIA MEDICAL CENTER,3.0,4.0
Riverside Shore Memorial Hospital,SENTARA HALIFAX REGIONAL HOSPITAL,3.0,2.0
Riverside Shore Memorial Hospital,BON SECOURS MARYVIEW MEDICAL CENTER,3.0,3.0
Riverside Shore Memorial Hospital,AUGUSTA HEALTH,3.0,4.0
Riverside Shore Memorial Hospital,NOVANT HEALTH UVA HEALTH SYSTEM CULPEPER MED CENTE,3.0,1.0
Riverside Shore Memorial Hospital,JOHN RANDOLPH MEDICAL CENTER,3.0,3.0
Riverside Shore Memorial Hospital,CENTRA HEALTH -  LYNCHBURG GEN HOSPITAL,3.0,3.0
Riverside Shore Memorial Hospital,MARY WASHINGTON HOSPITAL,3.0,2.0
Riverside Shore Memorial Hospital,FAUQUIER HOSPITAL,3.0,2.0
Riverside Shore Memorial Hospital,CARILION MEDICAL CENTER,3.0,3.0
Riverside Shore Memorial Hospital,MEDICAL COLLEGE OF VIRGINIA HOSPITALS,3.0,4.0
Riverside Shore Memorial Hospital,WARREN MEMORIAL HOSPITAL,3.0,3.0
Riverside Shore Memorial Hospital,SMYTH COUNTY COMMUNITY HOSPITAL,3.0,
Riverside Shore Memorial Hospital,INOVA ALEXANDRIA HOSPITAL,3.0,4.0
Riverside Shore Memorial Hospital,MARY IMMACULATE HOSPITAL,3.0,3.0
Riverside Shore Memorial Hospital,CARILION NEW RIVER VALLEY MEDICAL CENTER,3.0,4.0
Riverside Shore Memorial Hospital,INOVA LOUDOUN HOSPITAL,3.0,5.0
Riverside Shore Memorial Hospital,SENTARA OBICI HOSPITAL,3.0,4.0
Riverside Shore Memorial Hospital,NOVANT PRINCE WILLIAM MEDICAL CENTER,3.0,3.0
Riverside Shore Memorial Hospital,SENTARA LEIGH HOSPITAL,3.0,4.0
Riverside Shore Memorial Hospital,LEWISGALE MEDICAL CENTER,3.0,3.0
Riverside Shore Memorial Hospital,VIRGINIA HOSPITAL CENTER,3.0,5.0
Riverside Shore Memorial Hospital,RIVERSIDE REGIONAL MEDICAL CENTER,3.0,2.0
Riverside Shore Memorial Hospital,JOHNSTON MEMORIAL HOSPITAL,3.0,2.0
Riverside Shore Memorial Hospital,SENTARA VIRGINIA BEACH GENERAL HOSPITAL,3.0,4.0
Riverside Shore Memorial Hospital,BON SECOURS ST MARYS HOSPITAL,3.0,4.0
Riverside Shore Memorial Hospital,CLINCH VALLEY MEDICAL CENTER,3.0,3.0
Riverside Shore Memorial Hospital,INOVA FAIRFAX HOSPITAL,3.0,5.0
Riverside Shore Memorial Hospital,SENTARA WILLIAMSBURG REGIONAL MEDICAL CENTER,3.0,4.0
Riverside Shore Memorial Hospital,BON SECOURS SOUTHSIDE MEDICAL CENTER,3.0,1.0
Riverside Shore Memorial Hospital,BON SECOURS MEMORIAL REGIONAL MEDICAL CENTER,3.0,4.0
Riverside Shore Memorial Hospital,HAMPTON VA MEDICAL CENTER,3.0,4.0
Riverside Shore Memorial Hospital,SOVAH HEALTH DANVILLE,3.0,2.0
Riverside Shore Memorial Hospital,SENTARA MARTHA JEFFERSON HOSPITAL,3.0,5.0
Riverside Shore Memorial Hospital,VCU HEALTH TAPPAHANNOCK HOSPITAL,3.0,4.0
Riverside Shore Memorial Hospital,CENTRA BEDFORD MEMORIAL HOSPITAL,3.0,4.0
Riverside Shore Memorial Hospital,CARILION FRANKLIN MEMORIAL HOSPITAL,3.0,3.0
Riverside Shore Memorial Hospital,"CENTRA SOUTHSIDE COMMUNITY HOSPITAL, INC",3.0,4.0
Riverside Shore Memorial Hospital,BON SECOURS SOUTHAMPTON MEMORIAL HOSPITAL,3.0,2.0
Riverside Shore Memorial Hospital,SENTARA CAREPLEX HOSPITAL,3.0,5.0
Riverside Shore Memorial Hospital,BON SECOURS RICHMOND COMMUNITY HOSPITAL,3.0,
Riverside Shore Memorial Hospital,BON SECOURS SOUTHERN VIRGINIA MEDICAL CENTER,3.0,
Riverside Shore Memorial Hospital,COMMUNITY MEMORIAL HOSPITAL,3.0,3.0
Riverside Shore Memorial Hospital,INOVA FAIR OAKS HOSPITAL,3.0,5.0
Riverside Shore Memorial Hospital,RESTON HOSPITAL CENTER,3.0,3.0
Riverside Shore Memorial Hospital,RICHMOND VA MEDICAL CENTER,3.0,4.0
Riverside Shore Memorial Hospital,LEWISGALE HOSPITAL MONTGOMERY,3.0,3.0
Riverside Shore Memorial Hospital,WYTHE COUNTY COMMUNITY HOSPITAL,3.0,3.0
Riverside Shore Memorial Hospital,CJW MEDICAL CENTER,3.0,4.0
Riverside Shore Memorial Hospital,SENTARA NORTHERN VIRGINIA MEDICAL CENTER,3.0,2.0
Riverside Shore Memorial Hospital,LONESOME PINE HOSPITAL,3.0,4.0
Riverside Shore Memorial Hospital,TWIN COUNTY REGIONAL HOSPITAL,3.0,2.0
Riverside Shore Memorial Hospital,LEWISGALE HOSPITAL PULASKI,3.0,3.0
Riverside Shore Memorial Hospital,CARILION TAZEWELL COMMUNITY HOSPITAL,3.0,
Riverside Shore Memorial Hospital,HENRICO DOCTORS' HOSPITAL,3.0,4.0
Riverside Shore Memorial Hospital,SENTARA PRINCESS ANNE HOSPITAL,3.0,4.0
Riverside Shore Memorial Hospital,SALEM VA MEDICAL CENTER,3.0,5.0
Riverside Shore Memorial Hospital,CHESAPEAKE GENERAL HOSPITAL,3.0,3.0
Riverside Shore Memorial Hospital,INOVA MOUNT VERNON HOSPITAL,3.0,4.0
Riverside Shore Memorial Hospital,LEWISGALE HOSPITAL ALLEGHANY,3.0,4.0
Riverside Shore Memorial Hospital,BUCHANAN GENERAL HOSPITAL,3.0,3.0
Riverside Shore Memorial Hospital,RIVERSIDE WALTER REED HOSPITAL,3.0,4.0
Riverside Shore Memorial Hospital,BON SECOURS ST FRANCIS MEDICAL CENTER,3.0,4.0
Riverside Shore Memorial Hospital,"STAFFORD HOSPITAL, LLC",3.0,4.0
Riverside Shore Memorial Hospital,SPOTSYLVANIA REGIONAL MEDICAL CENTER,3.0,2.0
Riverside Shore Memorial Hospital,RIVERSIDE DOCTORS' HOSPITAL OF WILLIAMSBURG,3.0,4.0
Riverside Shore Memorial Hospital,UVA HEALTH HAYMARKET MEDICAL CENTER,3.0,3.0
Riverside Shore Memorial Hospital,STONESPRINGS HOSPITAL CENTER,3.0,
Riverside Shore Memorial Hospital,BATH COMMUNITY HOSPITAL,3.0,
Riverside Shore Memorial Hospital,CARILION GILES COMMUNITY HOSPITAL,3.0,4.0
Riverside Shore Memorial Hospital,DICKENSON COMMUNITY HOSPITAL,3.0,
Riverside Shore Memorial Hospital,CARILION STONEWALL JACKSON HOSPITAL,3.0,2.0
Riverside Shore Memorial Hospital,SHENANDOAH MEMORIAL HOSPITAL,3.0,4.0
Riverside Shore Memorial Hospital,"PAGE MEMORIAL HOSPITAL, INC",3.0,
Riverside Shore Memorial Hospital,RAPPAHANNOCK GENERAL HOSPITAL,3.0,4.0
Riverside Shore Memorial Hospital,LEE COUNTY COMMUNITY HOSPITAL,3.0,
Riverside Regional Medical Center,RUSSELL COUNTY HOSPITAL,2.0,4.0
Riverside Regional Medical Center,SENTARA RMH MEDICAL CENTER,2.0,4.0
Riverside Regional Medical Center,WINCHESTER MEDICAL CENTER,2.0,4.0
Riverside Regional Medical Center,SENTARA NORFOLK GENERAL HOSPITAL,2.0,3.0
Riverside Regional Medical Center,UNIVERSITY OF VIRGINIA MEDICAL CENTER,2.0,4.0
Riverside Regional Medical Center,SENTARA HALIFAX REGIONAL HOSPITAL,2.0,2.0
Riverside Regional Medical Center,BON SECOURS MARYVIEW MEDICAL CENTER,2.0,3.0
Riverside Regional Medical Center,AUGUSTA HEALTH,2.0,4.0
Riverside Regional Medical Center,NOVANT HEALTH UVA HEALTH SYSTEM CULPEPER MED CENTE,2.0,1.0
Riverside Regional Medical Center,JOHN RANDOLPH MEDICAL CENTER,2.0,3.0
Riverside Regional Medical Center,CENTRA HEALTH -  LYNCHBURG GEN HOSPITAL,2.0,3.0
Riverside Regional Medical Center,MARY WASHINGTON HOSPITAL,2.0,2.0
Riverside Regional Medical Center,FAUQUIER HOSPITAL,2.0,2.0
Riverside Regional Medical Center,CARILION MEDICAL CENTER,2.0,3.0
Riverside Regional Medical Center,MEDICAL COLLEGE OF VIRGINIA HOSPITALS,2.0,4.0
Riverside Regional Medical Center,WARREN MEMORIAL HOSPITAL,2.0,3.0
Riverside Regional Medical Center,RIVERSIDE SHORE MEMORIAL HOSPITAL,2.0,3.0
Riverside Regional Medical Center,SMYTH COUNTY COMMUNITY HOSPITAL,2.0,
Riverside Regional Medical Center,INOVA ALEXANDRIA HOSPITAL,2.0,4.0
Riverside Regional Medical Center,MARY IMMACULATE HOSPITAL,2.0,3.0
Riverside Regional Medical Center,CARILION NEW RIVER VALLEY MEDICAL CENTER,2.0,4.0
Riverside Regional Medical Center,INOVA LOUDOUN HOSPITAL,2.0,5.0
Riverside Regional Medical Center,SENTARA OBICI HOSPITAL,2.0,4.0
Riverside Regional Medical Center,NOVANT PRINCE WILLIAM MEDICAL CENTER,2.0,3.0
Riverside Regional Medical Center,SENTARA LEIGH HOSPITAL,2.0,4.0
Riverside Regional Medical Center,LEWISGALE MEDICAL CENTER,2.0,3.0
Riverside Regional Medical Center,VIRGINIA HOSPITAL CENTER,2.0,5.0
Riverside Regional Medical Center,JOHNSTON MEMORIAL HOSPITAL,2.0,2.0
Riverside Regional Medical Center,SENTARA VIRGINIA BEACH GENERAL HOSPITAL,2.0,4.0
Riverside Regional Medical Center,BON SECOURS ST MARYS HOSPITAL,2.0,4.0
Riverside Regional Medical Center,CLINCH VALLEY MEDICAL CENTER,2.0,3.0
Riverside Regional Medical Center,INOVA FAIRFAX HOSPITAL,2.0,5.0
Riverside Regional Medical Center,SENTARA WILLIAMSBURG REGIONAL MEDICAL CENTER,2.0,4.0
Riverside Regional Medical Center,BON SECOURS SOUTHSIDE MEDICAL CENTER,2.0,1.0
Riverside Regional Medical Center,BON SECOURS MEMORIAL REGIONAL MEDICAL CENTER,2.0,4.0
Riverside Regional Medical Center,HAMPTON VA MEDICAL CENTER,2.0,4.0
Riverside Regional Medical Center,SOVAH HEALTH DANVILLE,2.0,2.0
Riverside Regional Medical Center,SENTARA MARTHA JEFFERSON HOSPITAL,2.0,5.0
Riverside Regional Medical Center,VCU HEALTH TAPPAHANNOCK HOSPITAL,2.0,4.0
Riverside Regional Medical Center,CENTRA BEDFORD MEMORIAL HOSPITAL,2.0,4.0
Riverside Regional Medical Center,CARILION FRANKLIN MEMORIAL HOSPITAL,2.0,3.0
Riverside Regional Medical Center,"CENTRA SOUTHSIDE COMMUNITY HOSPITAL, INC",2.0,4.0
Riverside Regional Medical Center,BON SECOURS SOUTHAMPTON MEMORIAL HOSPITAL,2.0,2.0
Riverside Regional Medical Center,SENTARA CAREPLEX HOSPITAL,2.0,5.0
Riverside Regional Medical Center,BON SECOURS RICHMOND COMMUNITY HOSPITAL,2.0,
Riverside Regional Medical Center,BON SECOURS SOUTHERN VIRGINIA MEDICAL CENTER,2.0,
Riverside Regional Medical Center,COMMUNITY MEMORIAL HOSPITAL,2.0,3.0
Riverside Regional Medical Center,INOVA FAIR OAKS HOSPITAL,2.0,5.0
Riverside Regional Medical Center,RESTON HOSPITAL CENTER,2.0,3.0
Riverside Regional Medical Center,RICHMOND VA MEDICAL CENTER,2.0,4.0
Riverside Regional Medical Center,LEWISGALE HOSPITAL MONTGOMERY,2.0,3.0
Riverside Regional Medical Center,WYTHE COUNTY COMMUNITY HOSPITAL,2.0,3.0
Riverside Regional Medical Center,CJW MEDICAL CENTER,2.0,4.0
Riverside Regional Medical Center,SENTARA NORTHERN VIRGINIA MEDICAL CENTER,2.0,2.0
Riverside Regional Medical Center,LONESOME PINE HOSPITAL,2.0,4.0
Riverside Regional Medical Center,TWIN COUNTY REGIONAL HOSPITAL,2.0,2.0
Riverside Regional Medical Center,LEWISGALE HOSPITAL PULASKI,2.0,3.0
Riverside Regional Medical Center,CARILION TAZEWELL COMMUNITY HOSPITAL,2.0,
Riverside Regional Medical Center,HENRICO DOCTORS' HOSPITAL,2.0,4.0
Riverside Regional Medical Center,SENTARA PRINCESS ANNE HOSPITAL,2.0,4.0
Riverside Regional Medical Center,SALEM VA MEDICAL CENTER,2.0,5.0
Riverside Regional Medical Center,CHESAPEAKE GENERAL HOSPITAL,2.0,3.0
Riverside Regional Medical Center,INOVA MOUNT VERNON HOSPITAL,2.0,4.0
Riverside Regional Medical Center,LEWISGALE HOSPITAL ALLEGHANY,2.0,4.0
Riverside Regional Medical Center,BUCHANAN GENERAL HOSPITAL,2.0,3.0
Riverside Regional Medical Center,RIVERSIDE WALTER REED HOSPITAL,2.0,4.0
Riverside Regional Medical Center,BON SECOURS ST FRANCIS MEDICAL CENTER,2.0,4.0
Riverside Regional Medical Center,"STAFFORD HOSPITAL, LLC",2.0,4.0
Riverside Regional Medical Center,SPOTSYLVANIA REGIONAL MEDICAL CENTER,2.0,2.0
Riverside Regional Medical Center,RIVERSIDE DOCTORS' HOSPITAL OF WILLIAMSBURG,2.0,4.0
Riverside Regional Medical Center,UVA HEALTH HAYMARKET MEDICAL CENTER,2.0,3.0
Riverside Regional Medical Center,STONESPRINGS HOSPITAL CENTER,2.0,
Riverside Regional Medical Center,BATH COMMUNITY HOSPITAL,2.0,
Riverside Regional Medical Center,CARILION GILES COMMUNITY HOSPITAL,2.0,4.0
Riverside Regional Medical Center,DICKENSON COMMUNITY HOSPITAL,2.0,
Riverside Regional Medical Center,CARILION STONEWALL JACKSON HOSPITAL,2.0,2.0
Riverside Regional Medical Center,SHENANDOAH MEMORIAL HOSPITAL,2.0,4.0
Riverside Regional Medical Center,"PAGE MEMORIAL HOSPITAL, INC",2.0,
Riverside Regional Medical Center,RAPPAHANNOCK GENERAL HOSPITAL,2.0,4.0
Riverside Regional Medical Center,LEE COUNTY COMMUNITY HOSPITAL,2.0,
Riverside Walter Reed Hospital,RUSSELL COUNTY HOSPITAL,4.0,4.0
Riverside Walter Reed Hospital,SENTARA RMH MEDICAL CENTER,4.0,4.0
Riverside Walter Reed Hospital,WINCHESTER MEDICAL CENTER,4.0,4.0
Riverside Walter Reed Hospital,SENTARA NORFOLK GENERAL HOSPITAL,4.0,3.0
Riverside Walter Reed Hospital,UNIVERSITY OF VIRGINIA MEDICAL CENTER,4.0,4.0
Riverside Walter Reed Hospital,SENTARA HALIFAX REGIONAL HOSPITAL,4.0,2.0
Riverside Walter Reed Hospital,BON SECOURS MARYVIEW MEDICAL CENTER,4.0,3.0
Riverside Walter Reed Hospital,AUGUSTA HEALTH,4.0,4.0
Riverside Walter Reed Hospital,NOVANT HEALTH UVA HEALTH SYSTEM CULPEPER MED CENTE,4.0,1.0
Riverside Walter Reed Hospital,JOHN RANDOLPH MEDICAL CENTER,4.0,3.0
Riverside Walter Reed Hospital,CENTRA HEALTH -  LYNCHBURG GEN HOSPITAL,4.0,3.0
Riverside Walter Reed Hospital,MARY WASHINGTON HOSPITAL,4.0,2.0
Riverside Walter Reed Hospital,FAUQUIER HOSPITAL,4.0,2.0
Riverside Walter Reed Hospital,CARILION MEDICAL CENTER,4.0,3.0
Riverside Walter Reed Hospital,MEDICAL COLLEGE OF VIRGINIA HOSPITALS,4.0,4.0
Riverside Walter Reed Hospital,WARREN MEMORIAL HOSPITAL,4.0,3.0
Riverside Walter Reed Hospital,RIVERSIDE SHORE MEMORIAL HOSPITAL,4.0,3.0
Riverside Walter Reed Hospital,SMYTH COUNTY COMMUNITY HOSPITAL,4.0,
Riverside Walter Reed Hospital,INOVA ALEXANDRIA HOSPITAL,4.0,4.0
Riverside Walter Reed Hospital,MARY IMMACULATE HOSPITAL,4.0,3.0
Riverside Walter Reed Hospital,CARILION NEW RIVER VALLEY MEDICAL CENTER,4.0,4.0
Riverside Walter Reed Hospital,INOVA LOUDOUN HOSPITAL,4.0,5.0
Riverside Walter Reed Hospital,SENTARA OBICI HOSPITAL,4.0,4.0
Riverside Walter Reed Hospital,NOVANT PRINCE WILLIAM MEDICAL CENTER,4.0,3.0
Riverside Walter Reed Hospital,SENTARA LEIGH HOSPITAL,4.0,4.0
Riverside Walter Reed Hospital,LEWISGALE MEDICAL CENTER,4.0,3.0
Riverside Walter Reed Hospital,VIRGINIA HOSPITAL CENTER,4.0,5.0
Riverside Walter Reed Hospital,RIVERSIDE REGIONAL MEDICAL CENTER,4.0,2.0
Riverside Walter Reed Hospital,JOHNSTON MEMORIAL HOSPITAL,4.0,2.0
Riverside Walter Reed Hospital,SENTARA VIRGINIA BEACH GENERAL HOSPITAL,4.0,4.0
Riverside Walter Reed Hospital,BON SECOURS ST MARYS HOSPITAL,4.0,4.0
Riverside Walter Reed Hospital,CLINCH VALLEY MEDICAL CENTER,4.0,3.0
Riverside Walter Reed Hospital,INOVA FAIRFAX HOSPITAL,4.0,5.0
Riverside Walter Reed Hospital,SENTARA WILLIAMSBURG REGIONAL MEDICAL CENTER,4.0,4.0
Riverside Walter Reed Hospital,BON SECOURS SOUTHSIDE MEDICAL CENTER,4.0,1.0
Riverside Walter Reed Hospital,BON SECOURS MEMORIAL REGIONAL MEDICAL CENTER,4.0,4.0
Riverside Walter Reed Hospital,HAMPTON VA MEDICAL CENTER,4.0,4.0
Riverside Walter Reed Hospital,SOVAH HEALTH DANVILLE,4.0,2.0
Riverside Walter Reed Hospital,SENTARA MARTHA JEFFERSON HOSPITAL,4.0,5.0
Riverside Walter Reed Hospital,VCU HEALTH TAPPAHANNOCK HOSPITAL,4.0,4.0
Riverside Walter Reed Hospital,CENTRA BEDFORD MEMORIAL HOSPITAL,4.0,4.0
Riverside Walter Reed Hospital,CARILION FRANKLIN MEMORIAL HOSPITAL,4.0,3.0
Riverside Walter Reed Hospital,"CENTRA SOUTHSIDE COMMUNITY HOSPITAL, INC",4.0,4.0
Riverside Walter Reed Hospital,BON SECOURS SOUTHAMPTON MEMORIAL HOSPITAL,4.0,2.0
Riverside Walter Reed Hospital,SENTARA CAREPLEX HOSPITAL,4.0,5.0
Riverside Walter Reed Hospital,BON SECOURS RICHMOND COMMUNITY HOSPITAL,4.0,
Riverside Walter Reed Hospital,BON SECOURS SOUTHERN VIRGINIA MEDICAL CENTER,4.0,
Riverside Walter Reed Hospital,COMMUNITY MEMORIAL HOSPITAL,4.0,3.0
Riverside Walter Reed Hospital,INOVA FAIR OAKS HOSPITAL,4.0,5.0
Riverside Walter Reed Hospital,RESTON HOSPITAL CENTER,4.0,3.0
Riverside Walter Reed Hospital,RICHMOND VA MEDICAL CENTER,4.0,4.0
Riverside Walter Reed Hospital,LEWISGALE HOSPITAL MONTGOMERY,4.0,3.0
Riverside Walter Reed Hospital,WYTHE COUNTY COMMUNITY HOSPITAL,4.0,3.0
Riverside Walter Reed Hospital,CJW MEDICAL CENTER,4.0,4.0
Riverside Walter Reed Hospital,SENTARA NORTHERN VIRGINIA MEDICAL CENTER,4.0,2.0
Riverside Walter Reed Hospital,LONESOME PINE HOSPITAL,4.0,4.0
Riverside Walter Reed Hospital,TWIN COUNTY REGIONAL HOSPITAL,4.0,2.0
Riverside Walter Reed Hospital,LEWISGALE HOSPITAL PULASKI,4.0,3.0
Riverside Walter Reed Hospital,CARILION TAZEWELL COMMUNITY HOSPITAL,4.0,
Riverside Walter Reed Hospital,HENRICO DOCTORS' HOSPITAL,4.0,4.0
Riverside Walter Reed Hospital,SENTARA PRINCESS ANNE HOSPITAL,4.0,4.0
Riverside Walter Reed Hospital,SALEM VA MEDICAL CENTER,4.0,5.0
Riverside Walter Reed Hospital,CHESAPEAKE GENERAL HOSPITAL,4.0,3.0
Riverside Walter Reed Hospital,INOVA MOUNT VERNON HOSPITAL,4.0,4.0
Riverside Walter Reed Hospital,LEWISGALE HOSPITAL ALLEGHANY,4.0,4.0
Riverside Walter Reed Hospital,BUCHANAN GENERAL HOSPITAL,4.0,3.0
Riverside Walter Reed Hospital,BON SECOURS ST FRANCIS MEDICAL CENTER,4.0,4.0
Riverside Walter Reed Hospital,"STAFFORD HOSPITAL, LLC",4.0,4.0
Riverside Walter Reed Hospital,SPOTSYLVANIA REGIONAL MEDICAL CENTER,4.0,2.0
Riverside Walter Reed Hospital,RIVERSIDE DOCTORS' HOSPITAL OF WILLIAMSBURG,4.0,4.0
Riverside Walter Reed Hospital,UVA HEALTH HAYMARKET MEDICAL CENTER,4.0,3.0
Riverside Walter Reed Hospital,STONESPRINGS HOSPITAL CENTER,4.0,
Riverside Walter Reed Hospital,BATH COMMUNITY HOSPITAL,4.0,
Riverside Walter Reed Hospital,CARILION GILES COMMUNITY HOSPITAL,4.0,4.0
Riverside Walter Reed Hospital,DICKENSON COMMUNITY HOSPITAL,4.0,
Riverside Walter Reed Hospital,CARILION STONEWALL JACKSON HOSPITAL,4.0,2.0
Riverside Walter Reed Hospital,SHENANDOAH MEMORIAL HOSPITAL,4.0,4.0
Riverside Walter Reed Hospital,"PAGE MEMORIAL HOSPITAL, INC",4.0,
Riverside Walter Reed Hospital,RAPPAHANNOCK GENERAL HOSPITAL,4.0,4.0
Riverside Walter Reed Hospital,LEE COUNTY COMMUNITY HOSPITAL,4.0,
Riverside Doctors' Hospital Williamsburg,RUSSELL COUNTY HOSPITAL,4.0,4.0
Riverside Doctors' Hospital Williamsburg,SENTARA RMH MEDICAL CENTER,4.0,4.0
Riverside Doctors' Hospital Williamsburg,WINCHESTER MEDICAL CENTER,4.0,4.0
Riverside Doctors' Hospital Williamsburg,SENTARA NORFOLK GENERAL HOSPITAL,4.0,3.0
Riverside Doctors' Hospital Williamsburg,UNIVERSITY OF VIRGINIA MEDICAL CENTER,4.0,4.0
Riverside Doctors' Hospital Williamsburg,SENTARA HALIFAX REGIONAL HOSPITAL,4.0,2.0
Riverside Doctors' Hospital Williamsburg,BON SECOURS MARYVIEW MEDICAL CENTER,4.0,3.0
Riverside Doctors' Hospital Williamsburg,AUGUSTA HEALTH,4.0,4.0
Riverside Doctors' Hospital Williamsburg,NOVANT HEALTH UVA HEALTH SYSTEM CULPEPER MED CENTE,4.0,1.0
Riverside Doctors' Hospital Williamsburg,JOHN RANDOLPH MEDICAL CENTER,4.0,3.0
Riverside Doctors' Hospital Williamsburg,CENTRA HEALTH -  LYNCHBURG GEN HOSPITAL,4.0,3.0
Riverside Doctors' Hospital Williamsburg,MARY WASHINGTON HOSPITAL,4.0,2.0
Riverside Doctors' Hospital Williamsburg,FAUQUIER HOSPITAL,4.0,2.0
Riverside Doctors' Hospital Williamsburg,CARILION MEDICAL CENTER,4.0,3.0
Riverside Doctors' Hospital Williamsburg,MEDICAL COLLEGE OF VIRGINIA HOSPITALS,4.0,4.0
Riverside Doctors' Hospital Williamsburg,WARREN MEMORIAL HOSPITAL,4.0,3.0
Riverside Doctors' Hospital Williamsburg,RIVERSIDE SHORE MEMORIAL HOSPITAL,4.0,3.0
Riverside Doctors' Hospital Williamsburg,SMYTH COUNTY COMMUNITY HOSPITAL,4.0,
Riverside Doctors' Hospital Williamsburg,INOVA ALEXANDRIA HOSPITAL,4.0,4.0
Riverside Doctors' Hospital Williamsburg,MARY IMMACULATE HOSPITAL,4.0,3.0
Riverside Doctors' Hospital Williamsburg,CARILION NEW RIVER VALLEY MEDICAL CENTER,4.0,4.0
Riverside Doctors' Hospital Williamsburg,INOVA LOUDOUN HOSPITAL,4.0,5.0
Riverside Doctors' Hospital Williamsburg,SENTARA OBICI HOSPITAL,4.0,4.0
Riverside Doctors' Hospital Williamsburg,NOVANT PRINCE WILLIAM MEDICAL CENTER,4.0,3.0
Riverside Doctors' Hospital Williamsburg,SENTARA LEIGH HOSPITAL,4.0,4.0
Riverside Doctors' Hospital Williamsburg,LEWISGALE MEDICAL CENTER,4.0,3.0
Riverside Doctors' Hospital Williamsburg,VIRGINIA HOSPITAL CENTER,4.0,5.0
Riverside Doctors' Hospital Williamsburg,RIVERSIDE REGIONAL MEDICAL CENTER,4.0,2.0
Riverside Doctors' Hospital Williamsburg,JOHNSTON MEMORIAL HOSPITAL,4.0,2.0
Riverside Doctors' Hospital Williamsburg,SENTARA VIRGINIA BEACH GENERAL HOSPITAL,4.0,4.0
Riverside Doctors' Hospital Williamsburg,BON SECOURS ST MARYS HOSPITAL,4.0,4.0
Riverside Doctors' Hospital Williamsburg,CLINCH VALLEY MEDICAL CENTER,4.0,3.0
Riverside Doctors' Hospital Williamsburg,INOVA FAIRFAX HOSPITAL,4.0,5.0
Riverside Doctors' Hospital Williamsburg,SENTARA WILLIAMSBURG REGIONAL MEDICAL CENTER,4.0,4.0
Riverside Doctors' Hospital Williamsburg,BON SECOURS SOUTHSIDE MEDICAL CENTER,4.0,1.0
Riverside Doctors' Hospital Williamsburg,BON SECOURS MEMORIAL REGIONAL MEDICAL CENTER,4.0,4.0
Riverside Doctors' Hospital Williamsburg,HAMPTON VA MEDICAL CENTER,4.0,4.0
Riverside Doctors' Hospital Williamsburg,SOVAH HEALTH DANVILLE,4.0,2.0
Riverside Doctors' Hospital Williamsburg,SENTARA MARTHA JEFFERSON HOSPITAL,4.0,5.0
Riverside Doctors' Hospital Williamsburg,VCU HEALTH TAPPAHANNOCK HOSPITAL,4.0,4.0
Riverside Doctors' Hospital Williamsburg,CENTRA BEDFORD MEMORIAL HOSPITAL,4.0,4.0
Riverside Doctors' Hospital Williamsburg,CARILION FRANKLIN MEMORIAL HOSPITAL,4.0,3.0
Riverside Doctors' Hospital Williamsburg,"CENTRA SOUTHSIDE COMMUNITY HOSPITAL, INC",4.0,4.0
Riverside Doctors' Hospital Williamsburg,BON SECOURS SOUTHAMPTON MEMORIAL HOSPITAL,4.0,2.0
Riverside Doctors' Hospital Williamsburg,SENTARA CAREPLEX HOSPITAL,4.0,5.0
Riverside Doctors' Hospital Williamsburg,BON SECOURS RICHMOND COMMUNITY HOSPITAL,4.0,
Riverside Doctors' Hospital Williamsburg,BON SECOURS SOUTHERN VIRGINIA MEDICAL CENTER,4.0,
Riverside Doctors' Hospital Williamsburg,COMMUNITY MEMORIAL HOSPITAL,4.0,3.0
Riverside Doctors' Hospital Williamsburg,INOVA FAIR OAKS HOSPITAL,4.0,5.0
Riverside Doctors' Hospital Williamsburg,RESTON HOSPITAL CENTER,4.0,3.0
Riverside Doctors' Hospital Williamsburg,RICHMOND VA MEDICAL CENTER,4.0,4.0
Riverside Doctors' Hospital Williamsburg,LEWISGALE HOSPITAL MONTGOMERY,4.0,3.0
Riverside Doctors' Hospital Williamsburg,WYTHE COUNTY COMMUNITY HOSPITAL,4.0,3.0
Riverside Doctors' Hospital Williamsburg,CJW MEDICAL CENTER,4.0,4.0
Riverside Doctors' Hospital Williamsburg,SENTARA NORTHERN VIRGINIA MEDICAL CENTER,4.0,2.0
Riverside Doctors' Hospital Williamsburg,LONESOME PINE HOSPITAL,4.0,4.0
Riverside Doctors' Hospital Williamsburg,TWIN COUNTY REGIONAL HOSPITAL,4.0,2.0
Riverside Doctors' Hospital Williamsburg,LEWISGALE HOSPITAL PULASKI,4.0,3.0
Riverside Doctors' Hospital Williamsburg,CARILION TAZEWELL COMMUNITY HOSPITAL,4.0,
Riverside Doctors' Hospital Williamsburg,HENRICO DOCTORS' HOSPITAL,4.0,4.0
Riverside Doctors' Hospital Williamsburg,SENTARA PRINCESS ANNE HOSPITAL,4.0,4.0
Riverside Doctors' Hospital Williamsburg,SALEM VA MEDICAL CENTER,4.0,5.0
Riverside Doctors' Hospital Williamsburg,CHESAPEAKE GENERAL HOSPITAL,4.0,3.0
Riverside Doctors' Hospital Williamsburg,INOVA MOUNT VERNON HOSPITAL,4.0,4.0
Riverside Doctors' Hospital Williamsburg,LEWISGALE HOSPITAL ALLEGHANY,4.0,4.0
Riverside Doctors' Hospital Williamsburg,BUCHANAN GENERAL HOSPITAL,4.0,3.0
Riverside Doctors' Hospital Williamsburg,RIVERSIDE WALTER REED HOSPITAL,4.0,4.0
Riverside Doctors' Hospital Williamsburg,BON SECOURS ST FRANCIS MEDICAL CENTER,4.0,4.0
Riverside Doctors' Hospital Williamsburg,"STAFFORD HOSPITAL, LLC",4.0,4.0
Riverside Doctors' Hospital Williamsburg,SPOTSYLVANIA REGIONAL MEDICAL CENTER,4.0,2.0
Riverside Doctors' Hospital Williamsburg,UVA HEALTH HAYMARKET MEDICAL CENTER,4.0,3.0
Riverside Doctors' Hospital Williamsburg,STONESPRINGS HOSPITAL CENTER,4.0,
Riverside Doctors' Hospital Williamsburg,BATH COMMUNITY HOSPITAL,4.0,
Riverside Doctors' Hospital Williamsburg,CARILION GILES COMMUNITY HOSPITAL,4.0,4.0
Riverside Doctors' Hospital Williamsburg,DICKENSON COMMUNITY HOSPITAL,4.0,
Riverside Doctors' Hospital Williamsburg,CARILION STONEWALL JACKSON HOSPITAL,4.0,2.0
Riverside Doctors' Hospital Williamsburg,SHENANDOAH MEMORIAL HOSPITAL,4.0,4.0
Riverside Doctors' Hospital Williamsburg,"PAGE MEMORIAL HOSPITAL, INC",4.0,
Riverside Doctors' Hospital Williamsburg,RAPPAHANNOCK GENERAL HOSPITAL,4.0,4.0
Riverside Doctors' Hospital Williamsburg,LEE COUNTY COMMUNITY HOSPITAL,4.0,
